,pos,bag,window,chain
c,0.708333333333333,0.557692307692308,0.528846153846154,0.66025641025641
r,0.657051282051282,0.541666666666667,0.560897435897436,0.586538461538462
