,pos,bag,window,chain
c,0.7723492723492723,0.6756756756756757,0.5415800415800416,0.5873180873180873
r,0.604989604989605,0.604989604989605,0.5852390852390852,0.5883575883575883
