,pos,bag,window,chain
c,0.69551282051282,0.586538461538462,0.525641025641026,0.58974358974359
r,0.621794871794872,0.544871794871795,0.592948717948718,0.586538461538462
