,pos,bag,window,chain
c,0.708333333333333,0.557692307692308,0.528846153846154,0.66025641025641
n,0.522435897435897,0.583333333333333,0.557218831,0.58123948184909
r,0.647435897435897,0.523453251677777,0.510093215,0.57288384775718
cr,0.705128205128205,0.605867364526375,0.581273785,0.69828766545461
